<?xml version="1.0" encoding="UTF-8"?>
<project-private xmlns="http://www.netbeans.org/ns/project-private/1">
    <editor-bookmarks xmlns="http://www.netbeans.org/ns/editor-bookmarks/2" lastBookmarkId="0"/>
    <open-files xmlns="http://www.netbeans.org/ns/projectui-open-files/2">
        <group>
            <file>file:/D:/xampp/htdocs/Hankki/login/loginAction.php</file>
            <file>file:/D:/xampp/htdocs/Hankki/login/login_form.php</file>
            <file>file:/D:/xampp/htdocs/Hankki/css/login.css</file>
            <file>file:/D:/xampp/htdocs/Hankki/member/insertForm.php</file>
            <file>file:/D:/xampp/htdocs/Hankki/member/insertPro.php</file>
            <file>file:/D:/xampp/htdocs/Hankki/lib/top_menu_1.php</file>
            <file>file:/D:/xampp/htdocs/Hankki/css/jquery-ui.min.css</file>
            <file>file:/D:/xampp/htdocs/Hankki/img/about-video.jpg</file>
            <file>file:/D:/xampp/htdocs/Hankki/lib/top_menu.php</file>
            <file>file:/D:/xampp/htdocs/Hankki/member/check_ID.php</file>
            <file>file:/D:/xampp/htdocs/Hankki/css/style.css</file>
            <file>file:/D:/xampp/htdocs/Hankki/css/index.css</file>
            <file>file:/D:/xampp/htdocs/Hankki/lib/main.php</file>
            <file>file:/D:/xampp/htdocs/Hankki/index.php</file>
            <file>file:/D:/xampp/htdocs/Hankki/login/logout.php</file>
            <file>file:/D:/xampp/htdocs/Hankki/js/join.js</file>
            <file>file:/D:/xampp/htdocs/Hankki/lib/MYDB.php</file>
            <file>file:/D:/xampp/htdocs/Hankki/css/join.css</file>
        </group>
    </open-files>
</project-private>
